drs_uri,name,collection,patient_id,modality,file_size_bytes,source_manifest_url
drs://nci-crdc.datacommons.io/dg.4DFC/f293760b-ec7f-527d-be83-bb4aa5214ddd,1.3.6.1.4.1.14519.5.2.1.1.11264150075058686628760053282497113997.zip,CMB-PCA,MSB-07436,CT,138663320,https://www.cancerimagingarchive.net/wp-content/uploads/CMB-PCA_drs_metadata_manifest.csv
drs://nci-crdc.datacommons.io/dg.4DFC/6b3c7180-efc9-55d3-9bc3-72033780b72e,1.3.6.1.4.1.14519.5.2.1.1.11665238049776400497474400612415991367.zip,CMB-PCA,MSB-03973,MR,6520332,https://www.cancerimagingarchive.net/wp-content/uploads/CMB-PCA_drs_metadata_manifest.csv
drs://nci-crdc.datacommons.io/dg.4DFC/f77622d5-e867-55ba-af61-a3bcfadc255b,1.3.6.1.4.1.14519.5.2.1.1.12967804984506705826366590617852287229.zip,CMB-PCA,MSB-07436,PT,9685614,https://www.cancerimagingarchive.net/wp-content/uploads/CMB-PCA_drs_metadata_manifest.csv
drs://nci-crdc.datacommons.io/dg.4DFC/ea6fb745-fa0f-5847-ba27-1469c0148050,1.3.6.1.4.1.14519.5.2.1.1.13089008331364405031859150730251832777.zip,CMB-PCA,MSB-03973,MR,4746980,https://www.cancerimagingarchive.net/wp-content/uploads/CMB-PCA_drs_metadata_manifest.csv
drs://nci-crdc.datacommons.io/dg.4DFC/24a4406f-4b41-52c8-ba8a-f29780dadba5,1.3.6.1.4.1.14519.5.2.1.1.14769401550793716268316197810486248230.zip,CMB-PCA,MSB-03973,MR,8544798,https://www.cancerimagingarchive.net/wp-content/uploads/CMB-PCA_drs_metadata_manifest.csv
drs://nci-crdc.datacommons.io/dg.4DFC/8d3a978b-d140-5618-9113-34fc9e98ad64,1.3.6.1.4.1.14519.5.2.1.1.1843134539009796743531263878682440250.zip,CMB-PCA,MSB-07436,PT,20473980,https://www.cancerimagingarchive.net/wp-content/uploads/CMB-PCA_drs_metadata_manifest.csv
drs://nci-crdc.datacommons.io/dg.4DFC/fd1baa02-8b69-50f2-999a-1c9dd7d57808,1.3.6.1.4.1.14519.5.2.1.1.23263437772964555830243460141488166803.zip,CMB-PCA,MSB-03973,MR,10955682,https://www.cancerimagingarchive.net/wp-content/uploads/CMB-PCA_drs_metadata_manifest.csv
drs://nci-crdc.datacommons.io/dg.4DFC/57795ce5-7659-5339-a462-01085d24e142,1.3.6.1.4.1.14519.5.2.1.1.25331412226675238450745747701312111169.zip,CMB-PCA,MSB-03973,MR,4977510,https://www.cancerimagingarchive.net/wp-content/uploads/CMB-PCA_drs_metadata_manifest.csv
drs://nci-crdc.datacommons.io/dg.4DFC/47a72078-ca21-5ae6-86d4-b0282acc4611,1.3.6.1.4.1.14519.5.2.1.1.26927466471683435156885933625306054112.zip,CMB-PCA,MSB-03973,MR,26467546,https://www.cancerimagingarchive.net/wp-content/uploads/CMB-PCA_drs_metadata_manifest.csv
drs://nci-crdc.datacommons.io/dg.4DFC/c002fbbb-8e8f-53b8-b3a7-856a1ad47d62,1.3.6.1.4.1.14519.5.2.1.1.27876778048194644565690247269344050867.zip,CMB-PCA,MSB-03973,MR,47510002,https://www.cancerimagingarchive.net/wp-content/uploads/CMB-PCA_drs_metadata_manifest.csv
drs://nci-crdc.datacommons.io/dg.4DFC/649d6a69-4ebf-572a-9bc3-c76768b3696b,1.3.6.1.4.1.14519.5.2.1.1.29580917692399045321988784352130397353.zip,CMB-PCA,MSB-03973,MR,6251570,https://www.cancerimagingarchive.net/wp-content/uploads/CMB-PCA_drs_metadata_manifest.csv
drs://nci-crdc.datacommons.io/dg.4DFC/a19ed49f-207d-50a6-8462-0b1d97068a53,1.3.6.1.4.1.14519.5.2.1.1.32039398495353759842663327686149572025.zip,CMB-PCA,MSB-03973,MR,47510338,https://www.cancerimagingarchive.net/wp-content/uploads/CMB-PCA_drs_metadata_manifest.csv
drs://nci-crdc.datacommons.io/dg.4DFC/4d766b83-4b7c-530b-9303-0058688c7a78,1.3.6.1.4.1.14519.5.2.1.1.33979150004561480337812279629285389070.zip,CMB-PCA,MSB-03973,MR,38953900,https://www.cancerimagingarchive.net/wp-content/uploads/CMB-PCA_drs_metadata_manifest.csv
drs://nci-crdc.datacommons.io/dg.4DFC/edabc26e-99a7-5103-8446-d728fa44646e,1.3.6.1.4.1.14519.5.2.1.1.37779778242649256499332865873440741792.zip,CMB-PCA,MSB-03973,MR,6251210,https://www.cancerimagingarchive.net/wp-content/uploads/CMB-PCA_drs_metadata_manifest.csv
drs://nci-crdc.datacommons.io/dg.4DFC/aef9ca14-f27a-5bf3-ad18-dfd88787deff,1.3.6.1.4.1.14519.5.2.1.1.40174499520635320868665572115942359004.zip,CMB-PCA,MSB-03973,MR,42229968,https://www.cancerimagingarchive.net/wp-content/uploads/CMB-PCA_drs_metadata_manifest.csv
drs://nci-crdc.datacommons.io/dg.4DFC/7d7b7ec2-4160-5ab0-862f-67a0111f2288,1.3.6.1.4.1.14519.5.2.1.1.40201961240993502705363508554995510030.zip,CMB-PCA,MSB-03973,MR,24955010,https://www.cancerimagingarchive.net/wp-content/uploads/CMB-PCA_drs_metadata_manifest.csv
drs://nci-crdc.datacommons.io/dg.4DFC/5970b162-a01e-5506-acc6-c677125cf806,1.3.6.1.4.1.14519.5.2.1.1.40474900257232256372328564524070105543.zip,CMB-PCA,MSB-03973,MR,23596860,https://www.cancerimagingarchive.net/wp-content/uploads/CMB-PCA_drs_metadata_manifest.csv
drs://nci-crdc.datacommons.io/dg.4DFC/44ce3d89-a66b-54d0-8c1d-c9d7111efde0,1.3.6.1.4.1.14519.5.2.1.1.61908589750411308115375265884225028320.zip,CMB-PCA,MSB-03973,MR,8544712,https://www.cancerimagingarchive.net/wp-content/uploads/CMB-PCA_drs_metadata_manifest.csv
drs://nci-crdc.datacommons.io/dg.4DFC/ff98f46c-3e71-5697-bc64-bb0ce39c50d2,1.3.6.1.4.1.14519.5.2.1.1.74790651544751941530143092790649941175.zip,CMB-PCA,MSB-03973,MR,4746908,https://www.cancerimagingarchive.net/wp-content/uploads/CMB-PCA_drs_metadata_manifest.csv
drs://nci-crdc.datacommons.io/dg.4DFC/11885fca-1a83-5fe6-98f6-3d001fda8fb6,1.3.6.1.4.1.14519.5.2.1.1.81853087219765542110431164787769821343.zip,CMB-PCA,MSB-03973,MR,6251570,https://www.cancerimagingarchive.net/wp-content/uploads/CMB-PCA_drs_metadata_manifest.csv
drs://nci-crdc.datacommons.io/dg.4DFC/4c202517-e2d5-521f-8b8d-f31c9f19aa0f,1.3.6.1.4.1.14519.5.2.1.1.90641238561861390815265745961361741530.zip,CMB-PCA,MSB-03973,MR,42231020,https://www.cancerimagingarchive.net/wp-content/uploads/CMB-PCA_drs_metadata_manifest.csv
drs://nci-crdc.datacommons.io/dg.4DFC/26e3caeb-4403-5b79-b29d-368cfbe9fc31,1.3.6.1.4.1.14519.5.2.1.1.95443414869002346974620003161489526433.zip,CMB-PCA,MSB-03973,MR,42229640,https://www.cancerimagingarchive.net/wp-content/uploads/CMB-PCA_drs_metadata_manifest.csv
drs://nci-crdc.datacommons.io/dg.4DFC/2c030dcd-3e8d-5e08-8072-7e9412c06ac5,1.3.6.1.4.1.14519.5.2.1.100094870556907519835300587069307230763.zip,CMB-PCA,MSB-02472,MR,26596576,https://www.cancerimagingarchive.net/wp-content/uploads/CMB-PCA_drs_metadata_manifest.csv
drs://nci-crdc.datacommons.io/dg.4DFC/22635aed-d716-5068-9a12-7c9ca6e26296,1.3.6.1.4.1.14519.5.2.1.100297252146698138064192208454470356047.zip,CMB-PCA,MSB-05563,MR,1206436,https://www.cancerimagingarchive.net/wp-content/uploads/CMB-PCA_drs_metadata_manifest.csv
drs://nci-crdc.datacommons.io/dg.4DFC/295c70f3-61d7-5f9c-99c0-5c6c2a544488,1.3.6.1.4.1.14519.5.2.1.101835953756010674151938457077420870171.zip,CMB-PCA,MSB-04415,PT,33644642,https://www.cancerimagingarchive.net/wp-content/uploads/CMB-PCA_drs_metadata_manifest.csv
drs://nci-crdc.datacommons.io/dg.4DFC/abe7cd7c-0b02-56d8-a69e-04266c1bc87e,1.3.6.1.4.1.14519.5.2.1.115977209735257792981102926887417507799.zip,CMB-PCA,MSB-02472,MR,908180,https://www.cancerimagingarchive.net/wp-content/uploads/CMB-PCA_drs_metadata_manifest.csv
drs://nci-crdc.datacommons.io/dg.4DFC/e2a4a110-f4da-5926-8f27-7470b28c4ea9,1.3.6.1.4.1.14519.5.2.1.116941809096805999620296371201039292882.zip,CMB-PCA,MSB-05563,MR,43821936,https://www.cancerimagingarchive.net/wp-content/uploads/CMB-PCA_drs_metadata_manifest.csv
drs://nci-crdc.datacommons.io/dg.4DFC/916442c1-1281-53f5-a9f1-835508ba3ad8,1.3.6.1.4.1.14519.5.2.1.117675049753602553724951225909302889076.zip,CMB-PCA,MSB-07436,CT,139019206,https://www.cancerimagingarchive.net/wp-content/uploads/CMB-PCA_drs_metadata_manifest.csv
drs://nci-crdc.datacommons.io/dg.4DFC/99bfe1af-9ea4-5618-b506-1376583b8d04,1.3.6.1.4.1.14519.5.2.1.126938176575013291566735437829064532084.zip,CMB-PCA,MSB-06894,PT,38299422,https://www.cancerimagingarchive.net/wp-content/uploads/CMB-PCA_drs_metadata_manifest.csv
drs://nci-crdc.datacommons.io/dg.4DFC/34a88023-7f19-5d18-ae61-7a09082c53e1,1.3.6.1.4.1.14519.5.2.1.143342874762121382909709899460439920253.zip,CMB-PCA,MSB-06894,CT,122426292,https://www.cancerimagingarchive.net/wp-content/uploads/CMB-PCA_drs_metadata_manifest.csv
drs://nci-crdc.datacommons.io/dg.4DFC/435da4ae-397e-5947-ab9d-b8c7624f4f0f,1.3.6.1.4.1.14519.5.2.1.143612228027376831610446530729937461209.zip,CMB-PCA,MSB-02917,PT,255491576,https://www.cancerimagingarchive.net/wp-content/uploads/CMB-PCA_drs_metadata_manifest.csv
drs://nci-crdc.datacommons.io/dg.4DFC/510303d6-3b67-57ae-a6ea-33f982021ce3,1.3.6.1.4.1.14519.5.2.1.146915892835987304479891205479696808917.zip,CMB-PCA,MSB-05563,CT,4071596,https://www.cancerimagingarchive.net/wp-content/uploads/CMB-PCA_drs_metadata_manifest.csv
drs://nci-crdc.datacommons.io/dg.4DFC/13ca6adb-9230-5416-9832-9feed92490d5,1.3.6.1.4.1.14519.5.2.1.156614921137838231975018095332448677444.zip,CMB-PCA,MSB-04415,PT,15098694,https://www.cancerimagingarchive.net/wp-content/uploads/CMB-PCA_drs_metadata_manifest.csv
drs://nci-crdc.datacommons.io/dg.4DFC/c36a8f05-445b-54bd-87dd-186ab8191a6b,1.3.6.1.4.1.14519.5.2.1.16808647219870991000170241395676790009.zip,CMB-PCA,MSB-05563,MR,6136096,https://www.cancerimagingarchive.net/wp-content/uploads/CMB-PCA_drs_metadata_manifest.csv
drs://nci-crdc.datacommons.io/dg.4DFC/a65ba03f-c7b2-50ec-ab31-45795616256c,1.3.6.1.4.1.14519.5.2.1.173232523986147260682091780094787479561.zip,CMB-PCA,MSB-02472,MR,13474912,https://www.cancerimagingarchive.net/wp-content/uploads/CMB-PCA_drs_metadata_manifest.csv
drs://nci-crdc.datacommons.io/dg.4DFC/e534a71a-3bea-568a-8016-2052a2a9d690,1.3.6.1.4.1.14519.5.2.1.173822599603799015795713997427743970611.zip,CMB-PCA,MSB-02472,MR,26596378,https://www.cancerimagingarchive.net/wp-content/uploads/CMB-PCA_drs_metadata_manifest.csv
drs://nci-crdc.datacommons.io/dg.4DFC/fec1e2c4-33c8-5dcd-b506-705e0c217553,1.3.6.1.4.1.14519.5.2.1.190871523560164982177241837834928498817.zip,CMB-PCA,MSB-05563,MR,24954628,https://www.cancerimagingarchive.net/wp-content/uploads/CMB-PCA_drs_metadata_manifest.csv
drs://nci-crdc.datacommons.io/dg.4DFC/7834acaf-491b-586d-8509-7d89900afd17,1.3.6.1.4.1.14519.5.2.1.212795572225322433755515752728011034127.zip,CMB-PCA,MSB-02472,MR,1725228,https://www.cancerimagingarchive.net/wp-content/uploads/CMB-PCA_drs_metadata_manifest.csv
drs://nci-crdc.datacommons.io/dg.4DFC/81f7aee8-3a9b-5ab8-ab37-fa77a3e4975a,1.3.6.1.4.1.14519.5.2.1.213884213677711448651097551930243102532.zip,CMB-PCA,MSB-02917,PT,208319000,https://www.cancerimagingarchive.net/wp-content/uploads/CMB-PCA_drs_metadata_manifest.csv
drs://nci-crdc.datacommons.io/dg.4DFC/d24e1629-8171-543b-bef9-0073a3c50e05,1.3.6.1.4.1.14519.5.2.1.237059590364472596541850793365265980407.zip,CMB-PCA,MSB-02472,MR,423598,https://www.cancerimagingarchive.net/wp-content/uploads/CMB-PCA_drs_metadata_manifest.csv
drs://nci-crdc.datacommons.io/dg.4DFC/24df416d-123e-5a9b-863f-fc034e877fe4,1.3.6.1.4.1.14519.5.2.1.241886083478218426650210202629630817342.zip,CMB-PCA,MSB-02917,PT,140003670,https://www.cancerimagingarchive.net/wp-content/uploads/CMB-PCA_drs_metadata_manifest.csv
drs://nci-crdc.datacommons.io/dg.4DFC/e6a37414-f4dd-50cd-8826-e0e9ef7f861c,1.3.6.1.4.1.14519.5.2.1.246743139299585737541135500484393210918.zip,CMB-PCA,MSB-06894,PT,19555014,https://www.cancerimagingarchive.net/wp-content/uploads/CMB-PCA_drs_metadata_manifest.csv
drs://nci-crdc.datacommons.io/dg.4DFC/08862216-ad85-5a89-a494-fff04bbb999e,1.3.6.1.4.1.14519.5.2.1.252962525542262021429762862489522050764.zip,CMB-PCA,MSB-05563,MR,39480372,https://www.cancerimagingarchive.net/wp-content/uploads/CMB-PCA_drs_metadata_manifest.csv
drs://nci-crdc.datacommons.io/dg.4DFC/cebbb084-adff-5fc4-8fb7-8b7c938baaeb,1.3.6.1.4.1.14519.5.2.1.255961651645160058267833595267261712709.zip,CMB-PCA,MSB-02472,MR,423578,https://www.cancerimagingarchive.net/wp-content/uploads/CMB-PCA_drs_metadata_manifest.csv
drs://nci-crdc.datacommons.io/dg.4DFC/cf258da3-3ec2-5456-a506-5ed7a8153ebc,1.3.6.1.4.1.14519.5.2.1.275589524719522997572161600706395665834.zip,CMB-PCA,MSB-05563,MR,9793538,https://www.cancerimagingarchive.net/wp-content/uploads/CMB-PCA_drs_metadata_manifest.csv
drs://nci-crdc.datacommons.io/dg.4DFC/1b0cf536-c0f4-578c-880e-c5ade849c58b,1.3.6.1.4.1.14519.5.2.1.281310440351212160064629616457602701785.zip,CMB-PCA,MSB-02917,CT,325906376,https://www.cancerimagingarchive.net/wp-content/uploads/CMB-PCA_drs_metadata_manifest.csv
drs://nci-crdc.datacommons.io/dg.4DFC/f1bc4c27-78a7-5c0a-b414-2f3542ec169d,1.3.6.1.4.1.14519.5.2.1.290752404401994226245928161769596738418.zip,CMB-PCA,MSB-05563,MR,7670210,https://www.cancerimagingarchive.net/wp-content/uploads/CMB-PCA_drs_metadata_manifest.csv
drs://nci-crdc.datacommons.io/dg.4DFC/847463a3-fca8-509c-98f2-14f901baf73a,1.3.6.1.4.1.14519.5.2.1.292582166306941951651662875093107122208.zip,CMB-PCA,MSB-02472,CT,527450,https://www.cancerimagingarchive.net/wp-content/uploads/CMB-PCA_drs_metadata_manifest.csv
drs://nci-crdc.datacommons.io/dg.4DFC/48fbc278-5ea4-5b61-a133-b3931728d449,1.3.6.1.4.1.14519.5.2.1.296613315914035469580482550108148596617.zip,CMB-PCA,MSB-07436,PT,10313494,https://www.cancerimagingarchive.net/wp-content/uploads/CMB-PCA_drs_metadata_manifest.csv
drs://nci-crdc.datacommons.io/dg.4DFC/742427d0-bacd-51b0-b158-fe4684525c32,1.3.6.1.4.1.14519.5.2.1.299470716342691682644176798145989706686.zip,CMB-PCA,MSB-02472,MR,17323924,https://www.cancerimagingarchive.net/wp-content/uploads/CMB-PCA_drs_metadata_manifest.csv
drs://nci-crdc.datacommons.io/dg.4DFC/0ab43a6d-0fd9-5758-a14e-a1e7bceaad0c,1.3.6.1.4.1.14519.5.2.1.307553235605753632570866029537983037499.zip,CMB-PCA,MSB-02472,MR,1725220,https://www.cancerimagingarchive.net/wp-content/uploads/CMB-PCA_drs_metadata_manifest.csv
drs://nci-crdc.datacommons.io/dg.4DFC/ffc4b855-03d8-5923-a243-81f737fd9041,1.3.6.1.4.1.14519.5.2.1.322152173627302757155117161020190092417.zip,CMB-PCA,MSB-05563,MR,60619050,https://www.cancerimagingarchive.net/wp-content/uploads/CMB-PCA_drs_metadata_manifest.csv
drs://nci-crdc.datacommons.io/dg.4DFC/5d15092b-0344-5704-b4a0-5db1cef05bf6,1.3.6.1.4.1.14519.5.2.1.326562820701710185748082643136537632305.zip,CMB-PCA,MSB-05563,MR,1211324,https://www.cancerimagingarchive.net/wp-content/uploads/CMB-PCA_drs_metadata_manifest.csv
drs://nci-crdc.datacommons.io/dg.4DFC/68b29125-3dbb-53ea-99d8-55dec15f0945,1.3.6.1.4.1.14519.5.2.1.327105929405513937545560177730679135285.zip,CMB-PCA,MSB-02917,PT,95431044,https://www.cancerimagingarchive.net/wp-content/uploads/CMB-PCA_drs_metadata_manifest.csv
drs://nci-crdc.datacommons.io/dg.4DFC/f9a5f231-22fd-5fcb-a2e0-0980c4622259,1.3.6.1.4.1.14519.5.2.1.33083369825916297870131086724777673087.zip,CMB-PCA,MSB-07436,CT,139018678,https://www.cancerimagingarchive.net/wp-content/uploads/CMB-PCA_drs_metadata_manifest.csv
drs://nci-crdc.datacommons.io/dg.4DFC/8ac4c4d5-f148-55bb-b712-cbd697f7ae8d,1.3.6.1.4.1.14519.5.2.1.331937242042089617046478127929197692996.zip,CMB-PCA,MSB-05563,MR,9793922,https://www.cancerimagingarchive.net/wp-content/uploads/CMB-PCA_drs_metadata_manifest.csv
drs://nci-crdc.datacommons.io/dg.4DFC/cfb4fa52-3a18-5097-91ea-2fd3d0ac9288,1.3.6.1.4.1.14519.5.2.1.332237776072799521058997492253216180619.zip,CMB-PCA,MSB-06894,PT,19558766,https://www.cancerimagingarchive.net/wp-content/uploads/CMB-PCA_drs_metadata_manifest.csv
drs://nci-crdc.datacommons.io/dg.4DFC/0eafb694-7c34-55b8-a703-1bf2847b550d,1.3.6.1.4.1.14519.5.2.1.340228063854089560039441498079543211045.zip,CMB-PCA,MSB-07436,PT,21101804,https://www.cancerimagingarchive.net/wp-content/uploads/CMB-PCA_drs_metadata_manifest.csv
drs://nci-crdc.datacommons.io/dg.4DFC/4eb7fbfa-a221-5dbe-8f64-ba3f10f6fcb6,1.3.6.1.4.1.14519.5.2.1.3590003075292666016405031755676505670.zip,CMB-PCA,MSB-04415,PT,17217920,https://www.cancerimagingarchive.net/wp-content/uploads/CMB-PCA_drs_metadata_manifest.csv
drs://nci-crdc.datacommons.io/dg.4DFC/d51a8fa5-13a5-5a01-8098-0b9a0e669b3f,1.3.6.1.4.1.14519.5.2.1.36181074591686354945214704151371828082.zip,CMB-PCA,MSB-02917,CT,325905916,https://www.cancerimagingarchive.net/wp-content/uploads/CMB-PCA_drs_metadata_manifest.csv
drs://nci-crdc.datacommons.io/dg.4DFC/44d5af76-1fcf-5b19-a1ae-20775d93b471,1.3.6.1.4.1.14519.5.2.1.45541521025588839442927045001971070817.zip,CMB-PCA,MSB-02472,MR,1147580,https://www.cancerimagingarchive.net/wp-content/uploads/CMB-PCA_drs_metadata_manifest.csv
drs://nci-crdc.datacommons.io/dg.4DFC/53e13d4e-cd62-527b-80e6-32da7d4a5328,1.3.6.1.4.1.14519.5.2.1.45560215576445506405491824905639256955.zip,CMB-PCA,MSB-04415,CT,108134944,https://www.cancerimagingarchive.net/wp-content/uploads/CMB-PCA_drs_metadata_manifest.csv
drs://nci-crdc.datacommons.io/dg.4DFC/482d3e14-b5db-5feb-95b5-8d51a82ff515,1.3.6.1.4.1.14519.5.2.1.56658382398059797233941334018909808463.zip,CMB-PCA,MSB-02917,CT,4325432,https://www.cancerimagingarchive.net/wp-content/uploads/CMB-PCA_drs_metadata_manifest.csv
drs://nci-crdc.datacommons.io/dg.4DFC/bbd3eec0-2a4f-5f4b-a269-7d377c23be4d,1.3.6.1.4.1.14519.5.2.1.64014166992114583750536336851828900707.zip,CMB-PCA,MSB-02472,MR,908194,https://www.cancerimagingarchive.net/wp-content/uploads/CMB-PCA_drs_metadata_manifest.csv
drs://nci-crdc.datacommons.io/dg.4DFC/af5d2f20-56ec-54de-a9a1-1fc42d944c1c,1.3.6.1.4.1.14519.5.2.1.6572708632795863624949389737419788133.zip,CMB-PCA,MSB-02472,MR,359844,https://www.cancerimagingarchive.net/wp-content/uploads/CMB-PCA_drs_metadata_manifest.csv
drs://nci-crdc.datacommons.io/dg.4DFC/835e3108-a9bf-5a76-bdf3-857a6ce0b059,1.3.6.1.4.1.14519.5.2.1.69507633154877321985008094707753757267.zip,CMB-PCA,MSB-05563,MR,9793166,https://www.cancerimagingarchive.net/wp-content/uploads/CMB-PCA_drs_metadata_manifest.csv
drs://nci-crdc.datacommons.io/dg.4DFC/e163d9a2-c8b0-5661-bb53-ca4dfb5821de,1.3.6.1.4.1.14519.5.2.1.74261597395218745977609870249595647699.zip,CMB-PCA,MSB-02472,MR,2566406,https://www.cancerimagingarchive.net/wp-content/uploads/CMB-PCA_drs_metadata_manifest.csv
drs://nci-crdc.datacommons.io/dg.4DFC/bf3e0340-f709-57d9-86ba-1b193e7293d0,1.3.6.1.4.1.14519.5.2.1.76580456580617899389275206725677292375.zip,CMB-PCA,MSB-02917,CT,4742844,https://www.cancerimagingarchive.net/wp-content/uploads/CMB-PCA_drs_metadata_manifest.csv
drs://nci-crdc.datacommons.io/dg.4DFC/aa692b75-92cf-5ae8-97d5-50b74eb7cc7e,1.3.6.1.4.1.14519.5.2.1.86887515854301467518463461045750991705.zip,CMB-PCA,MSB-05563,MR,38952748,https://www.cancerimagingarchive.net/wp-content/uploads/CMB-PCA_drs_metadata_manifest.csv
drs://nci-crdc.datacommons.io/dg.4DFC/1cb2b574-9b55-5cbd-a0e8-84361c6fba99,1.3.6.1.4.1.14519.5.2.1.90512560972876093876568910255266307380.zip,CMB-PCA,MSB-02917,CT,186240084,https://www.cancerimagingarchive.net/wp-content/uploads/CMB-PCA_drs_metadata_manifest.csv
drs://nci-crdc.datacommons.io/dg.4DFC/45ab5ad3-b8fd-5544-8859-0147e4af2206,1.3.6.1.4.1.14519.5.2.1.90533888372188039274932692968206757375.zip,CMB-PCA,MSB-02472,MR,13474940,https://www.cancerimagingarchive.net/wp-content/uploads/CMB-PCA_drs_metadata_manifest.csv
drs://nci-crdc.datacommons.io/dg.4DFC/1aa1bff5-615b-5c0d-92b6-36ae083c071a,1.3.6.1.4.1.14519.5.2.1.93787657447818752615414615681411803769.zip,CMB-PCA,MSB-02472,MR,535300,https://www.cancerimagingarchive.net/wp-content/uploads/CMB-PCA_drs_metadata_manifest.csv
drs://nci-crdc.datacommons.io/dg.4DFC/b336226a-c542-5adb-917b-32b53f1000b0,1.3.6.1.4.1.14519.5.2.1.93831148065792763545741452669914190041.zip,CMB-PCA,MSB-05563,MR,9793718,https://www.cancerimagingarchive.net/wp-content/uploads/CMB-PCA_drs_metadata_manifest.csv
